City_ID,City,Lat,Lng,Max Temp,Humidity,Cloudiness,Wind Speed,Country,Date
0,bethel,41.3712,-73.414,27.05,48,0,2.06,US,1698344041
1,dudinka,69.4058,86.1778,-12.96,99,93,1.34,RU,1698344041
2,porto novo,6.4965,2.6036,27.9,83,73,3.03,BJ,1698344042
3,cambria,35.5641,-121.0808,21.39,89,5,1.34,US,1698344042
4,longyearbyen,78.2186,15.6401,-4.09,80,75,4.63,SJ,1698344043
5,el fasher,13.6279,25.3494,32.01,19,76,3.75,SD,1698344043
6,yellowknife,62.456,-114.3525,-0.33,82,75,6.69,CA,1698344044
7,mitu,1.1983,-70.1733,36.12,39,100,1.2,CO,1698344045
8,adamstown,-25.066,-130.1015,22.24,80,90,5.03,PN,1698344048
9,thompson,55.7435,-97.8558,-1.14,43,4,3.59,CA,1698344050
10,yanam,16.7333,82.2167,25.17,81,46,1.32,IN,1698344050
11,port-aux-francais,-49.35,70.2167,1.97,79,100,10.34,TF,1698344052
12,saint-pierre,-21.3393,55.4781,25.82,83,40,3.6,RE,1698344054
13,bure,10.7,37.0667,14.31,95,100,2.19,ET,1698344057
14,hadibu,12.65,54.0333,27.01,81,40,4.57,YE,1698344057
15,kapuskasing,49.4169,-82.4331,1.0,93,100,3.09,CA,1698344061
16,bikenibeu village,1.3673,173.1241,25.98,94,100,2.06,KI,1698344062
17,puerto ayora,-0.7393,-90.3518,29.98,88,75,3.58,EC,1698344063
18,kodiak,57.79,-152.4072,6.73,70,100,2.57,US,1698344064
19,college,64.8569,-147.8028,-5.86,87,75,0.0,US,1698344065
20,caleta de carquin,-11.0925,-77.6267,21.62,71,55,4.76,PE,1698344065
21,krasnogvardeyskoye,45.8456,41.5186,18.72,66,100,6.56,RU,1698344066
22,olonkinbyen,70.9221,-8.7187,-0.31,73,56,1.26,SJ,1698344066
23,klyuchi,52.2667,79.1667,-0.49,58,83,7.9,RU,1698344067
24,lodeynoye pole,60.726,33.5531,-2.95,78,34,2.92,RU,1698344070
25,port mathurin,-19.6833,63.4167,24.55,79,29,7.02,MU,1698344071
26,taounate,34.5,-4.8333,22.42,59,67,2.96,MA,1698344073
27,salym,60.0625,71.4789,-5.12,84,100,4.3,RU,1698344073
28,fortuna foothills,32.6578,-114.4119,26.79,61,0,2.06,US,1698344074
29,georgetown,5.4112,100.3354,28.3,94,40,2.57,MY,1698344074
30,chaman,30.9236,66.4512,19.72,20,9,2.58,PK,1698344075
31,ariquemes,-9.9133,-63.0408,35.67,36,77,2.04,BR,1698344075
32,natal,-5.795,-35.2094,29.36,61,40,5.66,BR,1698343984
33,labrador city,52.9463,-66.9114,0.95,60,75,5.66,CA,1698344076
34,eagle pass,28.7091,-100.4995,29.32,70,40,4.12,US,1698344077
35,puerto natales,-51.7236,-72.4875,8.25,57,40,10.8,CL,1698344078
36,konya,38.1667,32.5,17.71,36,99,2.16,TR,1698344079
37,port macquarie,-31.4333,152.9167,12.72,82,100,7.37,AU,1698344010
38,tiksi,71.6872,128.8694,-12.57,94,100,2.85,RU,1698344084
39,kaifeng,34.7911,114.3483,15.43,46,93,3.28,CN,1698344084
40,iskateley,67.6803,53.1512,-11.66,100,79,1.79,RU,1698344085
41,hermanus,-34.4187,19.2345,15.88,82,0,6.01,ZA,1698344086
42,edinburgh of the seven seas,-37.0676,-12.3116,12.22,60,95,2.77,SH,1698344087
43,mount pearl,47.5166,-52.7813,11.92,92,100,5.66,CA,1698344089
44,san sebastian de la gomera,28.0916,-17.1133,25.21,69,40,1.54,ES,1698344089
45,ofaqim,31.3141,34.6203,29.73,28,19,4.01,IL,1698344089
46,manta,-0.95,-80.7333,27.88,74,75,6.69,EC,1698344090
47,dunedin,-45.8742,170.5036,3.22,85,100,7.6,NZ,1698344090
48,port elizabeth,-33.918,25.5701,20.17,71,0,5.66,ZA,1698344091
49,grytviken,-54.2811,-36.5092,2.24,98,100,6.33,GS,1698344092
50,luganville,-15.5333,167.1667,24.93,88,100,2.22,VU,1698344092
51,papatowai,-46.5619,169.4708,3.27,59,99,8.84,NZ,1698344093
52,thurso,58.5927,-3.5259,11.14,91,100,11.84,GB,1698344094
53,pacific grove,36.6177,-121.9166,17.72,73,40,4.02,US,1698344098
54,vila franca do campo,37.7167,-25.4333,18.27,99,100,3.56,PT,1698344098
55,chinde,26.8418,88.0763,13.27,83,0,2.2,NP,1698344099
56,urangan,-25.3,152.9,20.29,90,65,6.19,AU,1698344101
57,chernyshevskiy,63.0128,112.4714,-7.67,99,100,0.66,RU,1698343941
58,tazacorte,28.629,-17.9293,23.54,87,40,5.66,ES,1698344103
59,kralendijk,12.15,-68.2667,29.99,74,40,5.66,BQ,1698344104
60,qaqortoq,60.7167,-46.0333,1.43,52,48,2.28,GL,1698344105
61,ribeira grande,38.5167,-28.7,19.22,63,20,4.63,PT,1698344106
62,caibarien,22.5206,-79.4669,27.62,65,63,9.79,CU,1698344107
63,colonia,50.9333,6.95,11.99,88,100,0.84,DE,1698343893
64,west island,-12.1568,96.8225,25.99,83,75,8.75,CC,1698344108
65,margaret river,-33.95,115.0667,12.47,71,55,6.46,AU,1698344109
66,bamboo flat,11.7,92.7167,26.05,94,40,0.0,IN,1698344109
67,tralee,52.2704,-9.7026,9.75,92,20,2.54,IE,1698344110
68,barsukovskaya,44.7632,41.8191,16.08,73,100,1.09,RU,1698344111
69,korla,41.7597,86.1469,12.33,34,46,1.98,CN,1698344111
70,thanh hoa,19.8,105.7667,23.63,93,39,0.98,VN,1698344111
71,invercargill,-46.4,168.35,2.23,79,100,6.71,NZ,1698344112
72,constantia,44.1833,28.65,17.61,75,100,4.58,RO,1698344112
73,coquimbo,-29.9533,-71.3436,15.85,72,75,4.63,CL,1698344113
74,aswan,24.0934,32.907,32.43,18,0,2.76,EG,1698344113
75,vorgashor,67.5833,63.95,-12.39,97,100,1.44,RU,1698344113
76,ushuaia,-54.8,-68.3,6.79,56,40,12.86,AR,1698344114
77,cabo san lucas,22.8909,-109.9124,28.43,47,0,2.06,MX,1698344114
78,enewetak,11.3474,162.3373,28.45,80,92,5.83,MH,1698344115
79,hawaiian paradise park,19.5933,-154.9731,24.46,96,100,2.57,US,1698344116
80,chonchi,-42.6128,-73.8092,15.62,60,100,2.33,CL,1698344117
81,kostomuksha,64.571,30.5767,-2.2,77,100,2.68,RU,1698344118
82,touros,-5.1989,-35.4608,28.3,64,82,5.58,BR,1698343876
83,la passe,45.5549,-0.8967,14.43,84,100,9.08,FR,1698344119
84,xining,36.6167,101.7667,6.65,70,53,0.23,CN,1698344120
85,hamilton,39.1834,-84.5333,25.43,59,75,8.75,US,1698343920
86,tres arroyos,-38.3739,-60.2798,27.39,23,3,7.85,AR,1698344121
87,tara,56.8944,74.371,-5.1,85,44,5.61,RU,1698344121
88,punta arenas,-53.15,-70.9167,8.06,39,0,7.2,CL,1698344122
89,waitangi,-43.9535,-176.5597,14.34,90,44,3.13,NZ,1698344123
90,atafu village,-8.5421,-172.5159,28.35,78,100,6.49,TK,1698344123
91,port alfred,-33.5906,26.891,20.71,87,91,6.51,ZA,1698344124
92,palikir - national government center,6.9248,158.1611,27.77,75,96,1.41,FM,1698344124
93,yakeshi,49.2833,120.7333,-2.78,44,55,1.74,CN,1698344126
94,bilibino,68.0546,166.4372,-16.65,99,96,1.3,RU,1698344127
95,pindare mirim,-3.6083,-45.3433,36.33,33,39,3.34,BR,1698344128
96,wailua homesteads,22.0669,-159.378,24.24,81,0,2.06,US,1698344128
97,st ives,50.2086,-5.4875,12.18,85,72,6.6,GB,1698344129
98,floro,61.5996,5.0328,5.98,70,0,3.09,NO,1698344130
99,blackmans bay,-43.0167,147.3167,7.07,81,96,2.9,AU,1698344130
100,akdagmadeni,39.6603,35.8836,15.41,44,100,2.81,TR,1698344131
101,kpandae,8.4689,-0.0113,29.98,53,68,1.49,GH,1698344132
102,minas de marcona,-15.2119,-75.1103,19.92,62,76,4.83,PE,1698344132
103,codrington,-38.2667,141.9667,7.07,82,24,3.53,AU,1698344133
104,richards bay,-28.783,32.0377,20.76,82,3,5.78,ZA,1698344133
105,carnarvon,-24.8667,113.6333,20.14,82,12,12.21,AU,1698344134
106,severobaykal'sk,55.65,109.3167,1.95,87,90,1.32,RU,1698344135
107,kutum,14.2,24.6667,28.11,22,16,3.24,SD,1698344136
108,laascaanood,8.4774,47.3597,25.85,66,91,5.75,SO,1698344137
109,alice springs,-23.7,133.8833,6.75,33,0,0.51,AU,1698344138
110,afaahiti,-17.75,-149.2833,25.93,83,100,2.9,PF,1698344139
111,st. john's,47.5649,-52.7093,12.38,92,100,3.6,CA,1698344107
112,anadyr,64.75,177.4833,0.28,100,75,3.0,RU,1698344140
113,acarau,-2.8856,-40.12,30.0,57,82,7.63,BR,1698344086
114,albany,42.6001,-73.9662,24.74,47,70,1.36,US,1698344143
115,fort bragg,35.139,-79.006,27.68,57,26,1.79,US,1698344144
116,kavaratti,10.5669,72.642,28.64,69,19,1.69,IN,1698344145
117,wewak,-3.5534,143.6268,25.38,87,100,2.76,PG,1698344146
118,northam,51.0333,-4.2167,13.14,93,55,4.66,GB,1698344146
119,churapcha,62.0025,132.4325,-10.13,97,100,2.09,RU,1698344147
120,carutapera,-1.195,-46.02,30.86,57,62,4.3,BR,1698344147
121,igarka,67.4667,86.5833,-10.13,92,16,4.5,RU,1698344148
122,sao joao da barra,-21.6403,-41.0511,26.05,85,35,4.39,BR,1698343966
123,puerto aysen,-45.4,-72.7,8.81,98,100,2.4,CL,1698344149
124,launceston,-41.45,147.1667,2.8,87,2,1.54,AU,1698344149
125,fort mcmurray,56.7268,-111.381,-2.23,80,100,5.14,CA,1698344151
126,acapulco de juarez,16.8634,-99.8901,28.69,68,74,2.5,MX,1698344151
127,maua,-23.6678,-46.4614,21.89,91,100,3.11,BR,1698344152
128,raduzhny,62.0961,77.475,-5.26,91,100,7.62,RU,1698344152
129,hotan,37.0997,79.9269,13.91,22,39,3.14,CN,1698344153
130,iqaluit,63.7506,-68.5145,-2.15,74,75,1.54,CA,1698344154
131,sinabang,2.4803,96.3801,26.12,82,100,1.45,ID,1698344154
132,avarua,-21.2078,-159.775,22.03,60,75,4.12,CK,1698344121
133,bairnsdale,-37.8333,147.6167,6.7,84,12,2.1,AU,1698344132
134,vilyuchinsk,52.9306,158.4028,1.63,79,5,4.01,RU,1698343941
135,raton,36.9034,-104.4391,20.34,21,0,7.72,US,1698344156
136,linevo,54.4589,83.3764,0.84,76,100,9.06,RU,1698344158
137,gizo,-8.103,156.8419,26.4,80,100,1.08,SB,1698344158
138,pacocha,-17.5833,-71.3333,21.08,64,100,2.06,PE,1698344159
139,stanley,54.868,-1.6985,10.29,94,75,4.12,GB,1698344159
140,altay,47.8667,88.1167,7.84,31,48,2.57,CN,1698344161
141,lihue,21.9789,-159.3672,24.58,78,0,2.06,US,1698344161
142,kolonia,50.9333,6.95,11.99,88,100,0.84,DE,1698343893
143,aioun,16.6614,-9.6149,36.17,8,42,3.99,MR,1698344163
144,crane,31.3974,-102.3501,25.22,32,0,4.17,US,1698344163
145,mejit,10.2753,170.8646,27.78,78,66,4.95,MH,1698344164
146,isla mujeres,21.2311,-86.731,30.09,62,98,7.16,MX,1698344123
147,linares,-35.85,-71.6,21.7,48,1,2.65,CL,1698344165
148,general conesa,-40.1,-64.4333,30.07,11,8,9.42,AR,1698344165
149,namibe,-15.1961,12.1522,20.34,76,53,3.69,AO,1698344166
150,meadow lake,34.8014,-106.5436,19.28,44,0,3.47,US,1698344167
151,kerikeri,-35.2268,173.9474,16.62,90,71,3.86,NZ,1698344168
152,soure,-0.7167,-48.5233,30.77,56,35,6.17,BR,1698343905
153,barranca,-10.75,-77.7667,21.43,69,50,4.75,PE,1698344171
154,ixtapa,20.7,-105.2,30.68,55,20,2.24,MX,1698344172
155,amble,55.3333,-1.5833,11.42,100,100,10.29,GB,1698344173
156,petrove,48.3247,33.2562,14.0,71,61,3.09,UA,1698344174
157,batticaloa,7.7102,81.6924,26.62,77,60,1.41,LK,1698344175
158,dedenevo,56.25,37.5167,-0.73,75,100,4.47,RU,1698344176
159,xianyang,34.3378,108.7026,11.58,87,100,1.0,CN,1698344177
160,villa emilio carranza,19.9667,-96.6,30.02,67,72,5.98,MX,1698344178
161,vorkuta,67.5,64.0,-13.19,98,100,0.55,RU,1698344179
162,remire-montjoly,4.9167,-52.2667,34.02,52,20,6.69,GF,1698343943
163,dzilam gonzalez,21.2833,-88.9333,33.41,40,16,4.21,MX,1698344180
164,santa isabel,-23.3156,-46.2214,23.84,84,84,3.55,BR,1698344181
165,saipan,15.1355,145.701,27.39,94,40,1.54,MP,1698344181
166,shahritus,37.2637,68.1385,19.43,37,19,3.05,TJ,1698344182
167,aral,40.5156,81.2636,15.04,25,95,1.17,CN,1698344182
168,saldanha,-33.0117,17.9442,17.03,86,10,3.15,ZA,1698344183
169,hobyo,5.3505,48.5268,28.17,75,5,4.43,SO,1698344183
170,olyokminsk,60.3736,120.4264,-2.22,57,100,2.28,RU,1698344184
171,lagoa,39.05,-27.9833,18.18,63,100,8.32,PT,1698344185
172,opuwo,-18.0607,13.84,27.94,21,50,4.51,NA,1698344185
173,kayangel,8.0823,134.7173,28.08,72,51,1.04,PW,1698344186
174,yanchep,-31.55,115.6833,14.01,69,76,6.95,AU,1698344186
175,nouadhibou,20.931,-17.0347,26.99,57,5,5.66,MR,1698344187
176,rongelap,11.1635,166.8941,27.72,68,94,5.73,MH,1698344188
177,ilulissat,69.2167,-51.1,2.01,55,75,6.17,GL,1698344188
178,lebu,-37.6167,-73.65,13.38,75,75,6.27,CL,1698344189
179,fomboni,-12.28,43.7425,26.67,85,0,3.65,KM,1698344190
180,nar'yan-mar,67.6713,53.087,-11.61,100,81,1.79,RU,1698344192
181,clarksville,36.5298,-87.3595,27.03,50,75,5.66,US,1698343897
182,akureyri,65.6835,-18.0878,-1.04,93,0,0.0,IS,1698344197
183,nova sintra,14.8667,-24.7167,24.81,79,99,9.76,CV,1698344200
184,susuman,62.7833,148.1667,-24.12,99,73,0.55,RU,1698344201
185,sol'-iletsk,51.1631,54.9918,-1.42,60,100,1.67,RU,1698344203
186,ati,13.2154,18.3353,33.83,14,9,3.74,TD,1698344204
187,usogorsk,63.4106,48.6872,-3.52,83,100,3.54,RU,1698344205
188,al bahah,20.0129,41.4677,18.68,51,84,4.48,SA,1698344206
189,fuerte olimpo,-21.0415,-57.8738,37.54,35,45,3.63,PY,1698344208
190,solnechnyy,50.7214,136.6319,0.57,89,4,0.34,RU,1698344208
191,tazovsky,67.4667,78.7,-12.28,94,74,3.96,RU,1698344000
192,holualoa,19.6228,-155.9522,25.99,69,0,2.57,US,1698344210
193,antonio enes,-16.2325,39.9086,25.69,87,0,2.66,MZ,1698344211
194,skeldon,5.8833,-57.1333,32.75,52,73,4.5,GY,1698344213
195,san patricio,28.017,-97.5169,31.97,72,85,6.78,US,1698344214
196,isafjordur,66.0755,-23.124,1.02,93,20,1.03,IS,1698344214
197,mirnyy,62.5353,113.9611,-4.87,100,100,0.89,RU,1698344215
198,midvagur,62.0511,-7.1939,9.46,76,75,9.26,FO,1698344215
199,illapel,-31.6308,-71.1653,22.67,34,0,4.58,CL,1698344214
200,sedalia,38.7045,-93.2283,23.95,64,75,7.72,US,1698344080
201,kingscliff,-28.2667,153.5667,19.29,82,100,5.14,AU,1698344217
202,vuktyl,63.8567,57.3094,-6.61,88,100,2.24,RU,1698344218
203,longjiang,47.3303,123.1836,2.21,32,2,2.01,CN,1698344218
204,yemva,62.59,50.8594,-1.6,78,100,4.69,RU,1698344219
205,hilo,19.7297,-155.09,25.14,96,100,2.57,US,1698344220
206,laghouat,33.8,2.8651,22.45,22,21,3.29,DZ,1698344221
207,broken hill,-31.95,141.4333,9.55,47,0,5.5,AU,1698343927
208,ust'-ilimsk,58.0006,102.6619,5.8,77,98,4.47,RU,1698344003
209,tura,25.5198,90.2201,20.07,86,0,0.94,IN,1698344225
210,cartagena,10.3997,-75.5144,27.79,83,40,4.12,CO,1698343503
211,grand gaube,-20.0064,57.6608,25.77,73,2,0.89,MU,1698344227
212,santiago del estero,-27.7951,-64.2615,19.57,79,100,2.63,AR,1698344226
213,pasni,25.2631,63.471,27.07,78,92,5.97,PK,1698344229
214,mount gambier,-37.8333,140.7667,5.65,85,42,2.68,AU,1698344230
215,whitehorse,60.7161,-135.0538,-7.33,92,20,3.6,CA,1698344230
216,mathba,22.2855,89.9629,23.61,83,19,0.35,BD,1698344231
217,tual,-5.6667,132.75,26.38,76,77,5.72,ID,1698344232
218,vel'sk,61.0701,42.0983,-3.18,87,62,1.34,RU,1698344233
219,prince rupert,54.3161,-130.3201,7.83,53,0,3.09,CA,1698344234
220,bredasdorp,-34.5322,20.0403,15.68,73,1,4.23,ZA,1698344235
221,katabu,-4.9333,122.5167,21.65,86,19,1.37,ID,1698344240
222,kurnool,15.8309,78.0425,22.89,53,30,2.92,IN,1698344241
223,bensonville,6.4461,-10.6125,28.75,86,59,2.42,LR,1698344242
224,sitka,57.0531,-135.33,5.94,61,0,2.06,US,1698344243
225,talnakh,69.4865,88.3972,-15.75,95,78,1.62,RU,1698344244
226,spring creek,40.7266,-115.5859,2.39,43,14,2.7,US,1698344220
227,puerto madryn,-42.7692,-65.0385,22.44,21,100,11.12,AR,1698344062
228,saint-joseph,-21.3667,55.6167,25.21,85,17,1.69,RE,1698344246
229,chinu,9.1057,-75.3981,29.5,73,100,2.54,CO,1698344172
230,zeya,53.75,127.2667,-1.95,63,2,2.01,RU,1698344247
231,la gi,10.6667,107.7833,25.53,86,52,1.72,VN,1698344247
232,udachny,66.4167,112.4,-17.49,100,83,0.82,RU,1698344248
233,villa regina,-39.1,-67.0667,28.88,15,6,5.36,AR,1698344249
234,ust-nera,64.5667,143.2,-19.24,93,99,1.03,RU,1698344251
235,novosineglazovskiy,55.0401,61.3792,-5.17,72,19,5.73,RU,1698344252
236,sao felix do xingu,-6.6447,-51.995,34.38,39,87,1.68,BR,1698344253
237,weno,7.4515,151.8468,26.97,94,75,0.0,FM,1698344254
238,san antonio de pale,-1.4014,5.6325,25.56,86,98,4.63,GQ,1698344255
239,kapoeta,4.7717,33.5903,29.53,42,92,6.99,SS,1698344257
240,leava,-14.3,-178.1667,26.14,77,100,7.6,WF,1698344125
241,kiunga,-6.1219,141.2906,20.52,85,68,0.58,PG,1698344259
242,coyhaique,-45.5752,-72.0662,15.34,54,75,4.12,CL,1698344260
243,mount isa,-20.7333,139.5,19.87,14,0,6.17,AU,1698344262
244,kristiansund,63.1115,7.732,4.36,70,0,2.06,NO,1698344263
245,torghay,49.6339,63.4981,0.96,51,51,2.46,KZ,1698344264
246,licata,37.1071,13.9461,23.86,79,72,5.24,IT,1698344265
247,neryungri,56.6709,124.6491,-18.73,95,25,1.0,RU,1698344265
248,mermoz boabab,14.7065,-17.4758,30.88,70,63,2.06,SN,1698344266
249,jwaneng,-24.6004,24.7303,26.83,16,0,5.49,BW,1698344266
250,taulaga,-11.0553,-171.0883,27.57,77,100,6.98,AS,1698344267
251,amga,60.8953,131.9608,-13.97,100,100,0.84,RU,1698344268
252,aasiaat,68.7098,-52.8699,-2.63,94,100,5.13,GL,1698344268
253,pont rouge,48.8833,-72.0825,9.16,74,100,1.16,CA,1698344270
254,revda,56.801,59.9303,-6.85,83,54,4.64,RU,1698344272
255,luis correia,-2.8792,-41.6669,30.0,66,20,7.2,BR,1698344274
256,selfoss,63.9331,-20.9971,4.7,76,48,3.58,IS,1698344275
257,kon tum,14.35,108.0,20.52,97,73,0.52,VN,1698344276
258,hithadhoo,-0.6,73.0833,27.49,79,53,8.16,MV,1698344278
259,waingapu,-9.6567,120.2641,26.07,74,5,1.44,ID,1698344282
260,cadale,2.7603,46.3222,27.98,76,42,4.68,SO,1698344283
261,lexington park,38.2668,-76.4538,26.82,49,0,3.09,US,1698344285
262,flying fish cove,-10.4217,105.6791,25.82,83,100,5.14,CX,1698344266
263,nadi,-17.8,177.4167,24.0,78,75,2.06,FJ,1698344288
264,boa vista,2.8197,-60.6733,34.99,43,40,3.6,BR,1698344026
265,pryluky,50.5932,32.3876,11.25,86,98,3.38,UA,1698344290
266,utrik,11.2278,169.8474,27.48,81,65,4.82,MH,1698344291
267,strezhevoy,60.7333,77.5889,-3.35,95,100,4.47,RU,1698344291
268,qamdo,31.1667,97.2333,-3.37,74,33,1.3,CN,1698344293
269,yuzhno-kurilsk,44.0306,145.8556,11.32,87,41,2.49,RU,1698344294
270,angaur state,6.906,134.13,28.58,74,100,5.09,PW,1698344294
271,nieuw amsterdam,5.8833,-55.0833,36.19,54,40,3.09,SR,1698344295
272,badger,64.8,-147.5333,-5.91,90,75,0.0,US,1698344296
273,al kharj,24.155,47.3346,27.32,47,3,4.23,SA,1698344297
274,nemuro,43.3236,145.575,11.76,82,55,3.43,JP,1698344072
275,ola,59.5833,151.2833,-4.3,65,30,2.72,RU,1698344298
276,whitecourt,54.1502,-115.6855,-5.42,79,100,5.14,CA,1698344299
277,san luis de la loma,17.2706,-100.8939,28.63,72,72,2.32,MX,1698344299
278,whakatane,-37.9585,176.9854,17.51,91,48,3.13,NZ,1698344300
279,dakhla,23.6848,-15.958,23.01,73,0,9.26,EH,1698344300
280,nioro du rip,13.75,-15.8,34.69,37,34,2.05,SN,1698344301
281,ugoofaaru,5.6667,73.0,28.02,77,12,3.79,MV,1698344302
282,palmi,38.3653,15.8615,21.7,82,97,3.12,IT,1698344304
283,haiku-pauwela,20.9219,-156.3051,26.69,65,0,1.54,US,1698344304
284,smithers,54.7804,-127.1743,-4.82,74,0,2.57,CA,1698344304
285,upanema,-5.6419,-37.2578,37.38,25,79,6.72,BR,1698344305
286,mokhsogollokh,61.4681,128.9203,-13.76,98,84,0.78,RU,1698344306
287,babayurt,43.6002,46.7789,16.77,83,100,3.57,RU,1698344306
288,harqalah,36.0303,10.509,24.92,69,0,5.14,TN,1698344306
289,lukolela,-1.0605,17.1821,22.24,97,85,3.16,CD,1698344307
290,el abiodh sidi cheikh,32.893,0.5484,21.98,22,30,3.89,DZ,1698344308
291,sinop,41.7711,34.8709,18.58,44,100,2.01,TR,1698344309
292,inirida,3.8653,-67.9239,35.1,47,100,0.51,CO,1698344310
293,bama,11.5221,13.6856,28.42,17,4,4.31,NG,1698344311
294,labytnangi,66.6572,66.4183,-9.26,92,100,2.02,RU,1698344314
295,cabedelo,-6.9811,-34.8339,29.37,67,76,4.87,BR,1698344315
296,howrah,22.5892,88.3103,27.0,78,20,0.0,IN,1698344317
297,kingston,17.997,-76.7936,32.36,63,40,3.6,JM,1698344108
298,umm qasr,30.0405,47.9168,22.93,42,0,3.78,IQ,1698344320
299,kenora,49.8167,-94.4337,0.99,100,100,4.92,CA,1698344322
300,tejen,37.3834,60.5054,21.5,41,75,4.26,TM,1698344322
301,metlili chaamba,32.2667,3.6333,22.52,27,0,3.76,DZ,1698344324
302,wynyard,-41.0,145.7167,4.52,77,0,2.16,AU,1698344327
303,mitchell,43.7094,-98.0298,8.19,93,100,6.69,US,1698344329
304,new norfolk,-42.7826,147.0587,7.72,95,54,0.99,AU,1698344329
305,lompoc,34.6391,-120.4579,22.14,69,0,3.6,US,1698344282
306,parkes,-33.1333,148.1833,4.4,88,1,2.58,AU,1698344331
307,kununurra,-15.7667,128.7333,30.99,16,79,6.17,AU,1698344332
308,petropavlovsk-kamchatsky,53.0452,158.6483,0.81,83,0,7.15,RU,1698344332
309,kaa-khem,51.6833,94.7333,4.67,42,48,1.98,RU,1698344333
310,east london,-33.0153,27.9116,20.52,94,0,4.12,ZA,1698344333
311,khovd,48.0056,91.6419,6.87,30,97,4.5,MN,1698344335
312,spring lake park,45.1077,-93.238,16.32,96,100,2.06,US,1698344335
313,santa rita,-7.1139,-34.9781,29.37,70,75,5.14,BR,1698344082
314,candelaria,13.9311,121.4233,25.77,94,47,1.52,PH,1698344337
315,port douglas,-16.4833,145.4667,22.56,78,80,1.45,AU,1698344338
316,egersund,58.4513,5.9997,5.05,65,87,5.92,NO,1698344338
317,namdrik,5.5994,168.1028,28.79,71,89,4.14,MH,1698344339
318,kapa'a,22.0752,-159.319,24.99,79,0,2.06,US,1698344340
319,kiffa,16.6166,-11.4045,37.51,9,37,5.2,MR,1698344343
320,mariental,-24.6333,17.9667,32.87,8,10,4.78,NA,1698344345
321,walvis bay,-22.9575,14.5053,15.68,87,59,4.21,NA,1698344346
322,marquette,46.5333,-87.6335,8.79,98,100,1.34,US,1698344347
323,prince george,53.9166,-122.753,0.7,57,0,4.63,CA,1698344348
324,ambert,45.55,3.75,12.05,99,100,1.13,FR,1698344349
325,nuuk,64.1835,-51.7216,0.34,74,75,6.69,GL,1698344318
326,arawa,-6.2132,155.5367,24.04,91,100,0.58,PG,1698344350
327,belomorsk,64.5232,34.7668,-3.22,83,96,2.23,RU,1698344350
328,ulladulla,-35.35,150.4667,9.32,61,88,6.07,AU,1698344351
329,mogadishu,2.0371,45.3438,27.18,82,24,4.51,SO,1698344351
330,tolanaro,-25.0319,46.9987,20.79,70,36,2.6,MG,1698344352
331,gvardeysk,54.6477,21.0651,4.08,93,100,5.36,RU,1698344352
332,bubaque,11.2833,-15.8333,28.28,79,71,5.45,GW,1698344353
333,aykhal,66.0,111.5,-15.83,100,83,0.87,RU,1698344354
334,uzgen,40.7699,73.3007,10.16,53,68,2.04,KG,1698344354
335,vernon,50.2581,-119.2691,4.31,40,100,1.03,CA,1698344211
336,colby,39.3958,-101.0524,14.03,82,100,3.09,US,1698344355
337,sao gabriel da cachoeira,-0.1303,-67.0892,33.16,54,58,0.76,BR,1698344206
338,kavieng,-2.5744,150.7967,27.17,80,100,4.8,PG,1698344358
339,yaren,-0.5472,166.916,28.74,72,29,4.38,NR,1698344358
340,diego de almagro,-26.3667,-70.05,25.13,17,1,5.05,CL,1698344359
341,taroa,8.7058,171.2275,28.37,75,88,4.98,MH,1698344360
342,sorsk,54.0033,90.2467,9.03,73,91,10.97,RU,1698344361
343,margate,51.3813,1.3862,13.28,90,69,4.7,GB,1698344362
344,guerrero negro,27.9769,-114.0611,21.13,61,14,6.68,MX,1698344363
345,port saint john's,-31.6229,29.5448,21.38,91,92,6.63,ZA,1698344363
346,hassi messaoud,31.6804,6.0729,26.92,24,0,2.57,DZ,1698344364
347,shenkursk,62.1091,42.896,-3.09,85,31,1.5,RU,1698344365
348,monteagudo,-19.8167,-63.9833,20.2,89,100,1.35,BO,1698344365
349,viitasaari,63.0667,25.8667,-1.35,75,98,3.43,FI,1698344365
350,badiyah,22.45,58.8,24.19,68,63,2.13,OM,1698344368
351,todos santos,23.45,-110.2167,27.95,67,0,2.8,MX,1698344369
352,mana,5.6592,-53.7767,30.69,62,44,6.08,GF,1698344370
353,novska,45.3406,16.9769,16.1,76,97,2.04,HR,1698344371
354,raduzhnyy,62.0961,77.475,-5.26,91,100,7.62,RU,1698344152
355,elliot lake,46.3834,-82.6331,11.48,98,100,3.51,CA,1698344374
356,karratha,-20.7377,116.8463,30.23,25,9,7.21,AU,1698344375
357,happy valley-goose bay,53.3168,-60.3315,5.17,75,75,3.6,CA,1698344110
358,pottsville,40.6857,-76.1955,26.42,49,43,0.89,US,1698344377
359,stephenville,32.2207,-98.2023,26.53,73,40,4.12,US,1698344284
360,kirakira,-10.4544,161.9205,25.87,83,90,2.56,SB,1698344380
361,lakatoro,-16.0999,167.4164,25.52,88,100,3.06,VU,1698344381
362,ratnagiri,16.9833,73.3,25.75,65,41,3.22,IN,1698344382
363,tchintabaraden,15.8969,5.7985,31.11,10,70,1.3,NE,1698344383
364,santo antonio dos olivais,40.2082,-8.401,16.75,88,86,2.72,PT,1698344384
365,antofagasta,-23.65,-70.4,18.6,66,21,4.23,CL,1698344385
366,quellon,-43.1167,-73.6167,12.87,67,100,3.58,CL,1698344387
367,smara,26.7384,-11.6719,25.53,45,0,6.76,EH,1698344387
368,wanning,18.8003,110.3967,25.31,91,98,1.08,CN,1698344389
369,louisville,38.2542,-85.7594,25.05,59,40,5.66,US,1698344322
370,chake chake,-5.2459,39.7666,25.92,86,12,2.69,TZ,1698344390
371,puerto ayacucho,5.6639,-67.6236,33.05,53,62,2.13,VE,1698344391
372,lashio,22.9333,97.75,16.93,98,7,0.68,MM,1698344392
373,coruripe,-10.1256,-36.1756,28.69,64,41,8.56,BR,1698344165
374,lazaro cardenas,17.9583,-102.2,28.69,73,57,2.26,MX,1698344393
375,severo-yeniseyskiy,60.3725,93.0408,0.88,97,100,2.68,RU,1698344394
376,kodinsk,58.6881,99.1844,6.91,87,100,4.18,RU,1698344394
377,puerto lempira,15.2667,-83.7667,29.91,71,32,3.61,HN,1698344395
378,jamestown,42.097,-79.2353,23.9,50,75,5.66,US,1698344384
379,ashland,40.8167,-82.2665,22.2,75,100,6.9,US,1698344396
380,sorong,-0.8833,131.25,26.48,81,100,5.33,ID,1698344397
381,keflavik,64.0049,-22.5624,7.24,87,0,1.03,IS,1698344385
382,victorica,-36.2151,-65.4359,27.13,32,1,3.57,AR,1698344398
383,pangai,-19.8,-174.35,23.06,78,75,7.72,TO,1698344398
384,calbuco,-41.768,-73.1273,14.56,71,95,2.83,CL,1698344222
385,puerto baquerizo moreno,-0.9,-89.6,27.55,69,75,4.12,EC,1698344399
386,ta`u,-14.2336,-169.5144,26.17,80,99,8.08,AS,1698344400
387,totness,5.8833,-56.3167,31.13,61,84,5.94,SR,1698344404
388,greenville,35.6127,-77.3663,26.19,57,0,2.24,US,1698343903
389,dalmatovo,56.26,62.9362,-5.65,87,12,5.59,RU,1698344406
390,kampong thom,12.7111,104.8887,25.04,90,97,2.02,KH,1698344408
391,strelka,58.0728,93.0344,9.65,82,100,4.89,RU,1698344408
392,praia da vitoria,38.7333,-27.0667,19.14,68,20,5.28,PT,1698344409
393,kovdor,67.5662,30.4758,-5.14,96,100,2.55,RU,1698344409
394,montepuez,-13.1256,38.9997,25.78,64,18,4.39,MZ,1698344410
395,gobabis,-22.45,18.9667,28.48,5,14,4.12,NA,1698344410
396,mar del plata,-38.0023,-57.5575,26.01,31,40,10.29,AR,1698344115
397,chebarkul',54.9749,60.3633,-1.91,65,42,4.85,RU,1698344411
398,novodvinsk,64.4165,40.8122,-1.23,83,99,2.51,RU,1698344411
399,masterton,-40.9597,175.6575,11.6,78,96,7.78,NZ,1698344412
400,island harbour,50.724,-1.2758,11.66,91,35,4.28,GB,1698344412
401,buka,40.8108,69.1986,15.76,62,82,2.57,UZ,1698344413
402,cooma,-36.2333,149.1333,4.97,65,97,2.92,AU,1698344413
403,khandyga,62.6667,135.6,-7.1,97,100,0.63,RU,1698344414
404,manakara,-22.1333,48.0167,23.39,92,80,4.4,MG,1698344414
405,okahao,-17.885,15.0667,29.8,20,37,3.05,NA,1698344414
406,taro,-8.3862,115.28,22.0,91,17,0.24,ID,1698344415
407,itati,-27.2704,-58.2446,27.75,41,47,3.53,AR,1698344418
408,sisimiut,66.9395,-53.6735,-0.72,87,83,10.19,GL,1698344418
409,trindade,-16.6494,-49.4889,26.86,47,99,3.05,BR,1698344413
410,san antonio oeste,-40.7319,-64.9477,22.45,30,51,6.7,AR,1698344419
411,katsuren-haebaru,26.3369,127.8719,23.01,73,0,2.57,JP,1698344419
412,ketchikan,55.3422,-131.6461,7.99,52,0,1.54,US,1698344331
413,kzyltu,53.6364,72.3414,-1.92,59,9,8.53,KZ,1698344420
414,talen,23.5667,76.7167,21.28,36,0,1.39,IN,1698344421
415,tir pul,34.5943,61.269,19.62,35,96,2.15,AF,1698344422
416,sabang,5.8933,95.3214,27.72,78,39,5.9,ID,1698344423
417,pudasjarvi,65.3833,26.9167,-2.77,78,100,2.35,FI,1698344423
418,bila tserkva,49.8094,30.1121,13.09,83,100,3.59,UA,1698344347
419,halabjah,35.1778,45.9861,18.91,51,55,0.65,IQ,1698344424
420,saudarkrokur,65.7461,-19.6394,1.11,78,23,1.21,IS,1698344425
421,luanda,-8.8368,13.2343,24.85,83,51,7.01,AO,1698344425
422,ormond-by-the-sea,29.3491,-81.0665,28.05,64,75,5.66,US,1698344296
423,chusovoy,58.3013,57.8131,-6.02,85,32,1.87,RU,1698344425
424,talakan,50.3167,130.3667,-1.23,59,0,2.0,RU,1698344427
425,zaozersk,69.4005,32.4476,-4.34,95,100,2.98,RU,1698344428
426,vila velha,-20.3297,-40.2925,27.97,78,75,5.14,BR,1698344429
427,nagqu,31.5,92.0,-3.8,89,100,1.15,CN,1698344429
428,old harbour bay,17.9092,-77.0972,32.83,60,27,4.32,JM,1698344430
429,murzuq,25.9155,13.9184,26.79,21,8,1.36,LY,1698344430
430,saint-philippe,-21.3585,55.7679,25.77,84,28,1.47,RE,1698344431
431,gaspe,48.8334,-64.4819,11.95,82,75,2.06,CA,1698344431
432,ghat,24.9647,10.1728,29.33,16,4,3.61,LY,1698344432
433,brookings,44.3114,-96.7984,12.47,97,100,3.09,US,1698344257
434,gamboma,-1.8764,15.8644,23.68,88,87,0.75,CG,1698344433
435,gadzhiyevo,69.2551,33.3362,-3.72,94,100,3.63,RU,1698344433
436,la ronge,55.1001,-105.2842,-1.88,63,40,4.63,CA,1698344434
437,vadso,70.0744,29.7487,-1.51,86,75,2.06,NO,1698344434
438,oyonnax,46.2592,5.6573,12.01,98,100,1.17,FR,1698344435
439,trinidad,-14.8333,-64.9,28.99,70,75,3.6,BO,1698344435
440,linden,6.0,-58.3,35.99,38,59,1.92,GY,1698344436
441,callao,-12.0667,-77.15,23.18,73,75,4.12,PE,1698344436
442,likiep,9.8251,169.3107,27.66,77,99,3.96,MH,1698344437
443,fort st. john,56.2499,-120.8529,-4.06,74,75,2.57,CA,1698344436
444,banda aceh,5.5577,95.3222,26.75,82,92,4.33,ID,1698344438
445,kayankulam,9.1833,76.5,25.95,85,100,1.92,IN,1698344439
446,zaoyang,32.1272,112.7542,19.28,46,100,1.02,CN,1698344439
447,sainyabuli,19.25,101.75,20.63,99,85,0.51,LA,1698344440
448,bengkulu,-3.8004,102.2655,23.94,95,66,2.82,ID,1698344440
449,ray,23.6833,85.05,18.54,65,0,1.13,IN,1698344440
450,ust'-kulom,61.6864,53.6902,-3.36,92,100,4.02,RU,1698344441
451,axim,4.8699,-2.2405,26.22,84,54,3.53,GH,1698344442
452,ocean shores,46.9737,-124.1563,8.3,92,100,3.09,US,1698344356
453,geraldton,-28.7667,114.6,18.23,72,100,7.2,AU,1698344444
454,el jadid,33.2549,-8.506,21.05,80,76,2.95,MA,1698344445
455,fale old settlement,-9.3852,-171.2468,28.38,77,100,6.72,TK,1698344445
456,ifanadiana,-21.3,47.6333,21.23,99,41,1.43,MG,1698344446
457,tsiombe,-25.3,45.4833,20.62,65,40,3.35,MG,1698344447
458,edna,28.9786,-96.6461,31.17,79,85,6.83,US,1698344449
459,argo,37.6333,22.7333,18.77,60,70,0.99,GR,1698344449
460,katsuura,35.1333,140.3,14.01,61,96,1.49,JP,1698344449
461,shingu,33.7333,135.9833,14.15,65,53,2.97,JP,1698344450
462,aljezur,37.3191,-8.8033,19.54,88,98,6.43,PT,1698344450
463,pangody,65.85,74.4859,-9.89,94,93,4.37,RU,1698344451
464,winslow,35.0242,-110.6974,21.1,32,0,6.11,US,1698344452
465,lubumbashi,-11.6609,27.4794,23.71,37,67,1.59,CD,1698344452
466,queenstown,-31.8976,26.8753,22.61,22,91,0.66,ZA,1698344420
467,berberati,4.2612,15.7922,20.41,99,100,1.31,CF,1698344453
468,san matias,-16.3667,-58.4,39.99,26,89,3.79,BO,1698344453
469,nazyvayevsk,55.5698,71.3529,-3.77,80,73,8.48,RU,1698344453
470,tsetserleg,47.475,101.4542,3.4,35,11,2.51,MN,1698344454
471,sao miguel do araguaia,-13.275,-50.1628,36.75,31,69,2.07,BR,1698344383
472,storozhevaya,43.8789,41.4514,14.48,65,100,3.27,RU,1698344454
473,changde,29.0464,111.6783,20.19,79,100,2.92,CN,1698344455
474,shelbyville,35.4834,-86.4603,27.99,50,20,6.17,US,1698344222
475,noyabrsk,63.1994,75.4507,-6.54,90,100,7.15,RU,1698344455
476,ed damer,17.5928,33.9592,35.66,23,72,2.28,SD,1698344457
477,ghadamis,30.1337,9.5007,24.95,23,0,2.05,LY,1698344457
478,garbahaarrey,3.3289,42.2209,28.95,61,93,6.57,SO,1698344458
479,mbala,-8.8402,31.3659,23.94,39,90,3.43,ZM,1698344458
480,ndjole,-0.1783,10.7649,23.73,96,95,0.92,GA,1698344459
481,kourou,5.1552,-52.6478,34.03,52,43,5.18,GF,1698344459
482,terme,41.2092,36.9739,18.96,60,100,2.56,TR,1698344459
483,zouerate,22.7187,-12.4521,31.38,18,0,4.67,MR,1698344459
484,roccella ionica,38.322,16.4009,20.9,79,83,5.29,IT,1698344460
485,bonthe,7.5264,-12.505,27.49,82,85,3.33,SL,1698344460
486,cockburn town,21.4612,-71.1419,28.17,59,37,7.26,TC,1698344341
487,arraial do cabo,-22.9661,-42.0278,25.92,73,75,2.57,BR,1698344461
488,papao,-17.75,-149.55,26.82,81,100,2.68,PF,1698344461
489,nova olinda do norte,-3.8881,-59.0942,38.42,30,97,1.62,BR,1698344462
490,awjilah,29.1081,21.2869,27.36,24,46,2.53,LY,1698344462
491,itaituba,-4.2761,-55.9836,35.25,39,99,1.25,BR,1698344463
492,laojunmiao,39.8333,97.7333,7.91,21,0,1.94,CN,1698344463
493,patacamaya,-17.2333,-67.9167,19.49,27,92,5.76,BO,1698344464
494,nizhneangarsk,55.7833,109.55,1.67,92,99,2.24,RU,1698344464
495,san jose del guaviare,2.5729,-72.6459,33.24,51,100,1.9,CO,1698344352
496,topolobampo,25.6,-109.05,26.95,57,0,2.57,MX,1698344465
497,port lincoln,-34.7333,135.8667,11.9,75,43,6.3,AU,1698344465
498,pul-e khumri,35.9446,68.7151,17.29,38,75,0.84,AF,1698344465
499,djibouti,11.5,42.5,22.68,76,93,3.98,DJ,1698344466
500,naze,28.3667,129.4833,18.51,62,43,4.07,JP,1698344466
501,sayat,38.7839,63.8803,15.93,44,73,3.74,TM,1698344467
502,manadhoo,5.7667,73.3833,28.17,77,28,4.01,MV,1698344467
503,tamanrasset,22.785,5.5228,26.95,12,0,0.0,DZ,1698344468
504,porto belo,-27.1578,-48.5531,20.09,86,100,2.65,BR,1698344468
505,bata,1.8639,9.7658,26.24,81,83,2.34,GQ,1698344469
506,winnemucca,40.973,-117.7357,6.03,49,20,2.57,US,1698344469
507,puerto san jose,13.9256,-90.8244,29.25,73,100,2.02,GT,1698344470
508,markovo,57.3206,107.0881,0.24,90,98,2.07,RU,1698344470
509,la tuque,47.4334,-72.7824,12.14,87,92,1.54,CA,1698344471
510,horta,38.5333,-28.6333,18.8,71,20,4.63,PT,1698344472
511,robore,-18.3333,-59.75,34.05,52,20,5.14,BO,1698344472
512,umluj,25.0213,37.2685,29.54,61,22,0.83,SA,1698344472
513,kattivakkam,13.2167,80.3167,28.93,79,61,3.99,IN,1698344473
514,tateyama,34.9833,139.8667,13.96,88,40,2.06,JP,1698344473
515,myskhako,44.6714,37.7433,18.1,92,100,3.87,RU,1698344473
516,airdrie,55.866,-3.9803,10.58,86,99,3.19,GB,1698344474
517,weyburn,49.6668,-103.8511,-5.88,68,98,5.66,CA,1698344477
518,saint-francois,46.4154,3.9054,12.69,100,75,2.06,FR,1698344477
519,mosjoen,65.836,13.1908,1.29,80,75,1.03,NO,1698344478
520,lindale,32.5157,-95.4094,20.97,94,100,3.6,US,1698344478
521,antsiranana,-12.2787,49.2917,24.17,85,41,2.93,MG,1698344479
522,knyaze-volkonskoye,48.4642,135.4567,2.78,60,1,4.47,RU,1698344479
523,marine corps base hawaii - mcbh,21.4453,-157.7513,27.01,73,0,0.45,US,1698344480
524,kuanda,56.3161,116.0806,-4.48,59,91,0.51,RU,1698344480
525,diamante,-32.0664,-60.6384,25.25,40,4,3.07,AR,1698344481
526,kuressaare,58.2481,22.5039,2.19,91,100,5.14,EE,1698344482
527,djambala,-2.5447,14.7533,21.28,90,99,1.41,CG,1698344483
528,ashburton,-37.8626,145.0794,11.44,64,89,2.38,AU,1698344484
529,camayenne,9.535,-13.6878,29.05,79,40,4.12,GN,1698344484
530,rawatsar,29.2833,74.3833,26.18,30,0,2.09,IN,1698344484
531,broome,42.2506,-75.833,24.14,61,0,4.63,US,1698344485
532,portland,45.5234,-122.6762,8.99,93,100,2.24,US,1698343774
533,brisas de zicatela,15.8369,-97.0419,30.29,58,75,4.12,MX,1698344486
534,ancud,-41.8697,-73.8203,11.02,81,76,4.49,CL,1698344487
535,gulf shores,30.246,-87.7008,28.1,69,75,6.69,US,1698344487
536,isyangulovo,52.1909,52.1909,-1.3,67,94,2.9,RU,1698344476
537,ota,36.3,139.3667,11.02,59,60,1.14,JP,1698344357
538,la dorada,5.4478,-74.6631,33.5,51,67,0.74,CO,1698344488
539,guasdualito,7.2424,-70.7324,28.43,78,98,2.26,VE,1698344489
540,jagna,9.6531,124.3697,26.23,84,90,1.15,PH,1698344489
541,yaransk,57.3033,47.8861,-11.05,97,17,1.06,RU,1698344489
542,ramanuj ganj,23.8,83.7,18.0,62,0,1.76,IN,1698344490
543,castillos,-34.1667,-53.8333,17.65,49,0,3.47,UY,1698344490
544,minot air force base,48.4209,-101.3391,-4.9,90,100,7.72,US,1698344491
545,phan rang-thap cham,11.5667,108.9833,24.35,92,21,1.55,VN,1698344491
546,dalnegorsk,44.5604,135.5701,1.84,64,0,2.87,RU,1698344491
547,pisco,-13.7,-76.2167,21.03,83,100,4.63,PE,1698344492
548,howard springs,-12.497,131.047,28.95,89,22,0.39,AU,1698344492
549,mogocha,53.7333,119.7667,-3.29,45,93,1.15,RU,1698344493
550,thunder bay,48.4001,-89.3168,3.99,100,100,4.12,CA,1698344495
551,rio gallegos,-51.6226,-69.2181,10.03,27,75,11.83,AR,1698344496
552,peace river,56.2501,-117.286,-1.83,74,75,3.09,CA,1698344463
553,leninskoye,41.7589,69.3864,13.23,71,98,1.35,KZ,1698344496
554,necochea,-38.5473,-58.7368,24.59,34,1,6.35,AR,1698344497
555,sechura,-5.5569,-80.8222,26.53,59,41,5.74,PE,1698344497
556,ha'il,27.5219,41.6907,25.01,44,0,3.09,SA,1698344497
557,sambava,-14.2667,50.1667,24.32,84,70,1.02,MG,1698344498
